[
    {
        "pk": "active_customers",
        "model": "kpis.kpibase",
        "fields": {
            "edited": "2017-03-09T13:42:13.971Z",
            "need_stripe": true,
            "update_period": "daily",
            "name": "Active Customers",
            "created": "2017-02-13T12:12:17.653Z",
            "deleted": null,
            "created_by": null,
            "need_xero": false,
            "need_outset": false,
            "is_custom": false,
            "is_cohort_sum": true,
            "provider": "#",
            "need_finicity": false,
            "is_daily_increase": false
        }
    },
    {
        "pk": "annual_run_rate",
        "model": "kpis.kpibase",
        "fields": {
            "edited": "2017-03-09T13:42:13.999Z",
            "need_stripe": true,
            "update_period": "daily",
            "name": "Annual Run Rate",
            "created": "2017-02-13T12:49:42.373Z",
            "deleted": null,
            "created_by": null,
            "need_xero": false,
            "need_outset": false,
            "is_custom": false,
            "is_cohort_sum": false,
            "provider": "#",
            "need_finicity": false,
            "is_daily_increase": false
        }
    },
    {
        "pk": "arpu",
        "model": "kpis.kpibase",
        "fields": {
            "edited": "2017-03-09T13:42:14.017Z",
            "need_stripe": true,
            "update_period": "daily",
            "name": "Average Revenue Per User (ARPU)",
            "created": "2017-02-13T12:07:16.257Z",
            "deleted": null,
            "created_by": null,
            "need_xero": false,
            "need_outset": false,
            "is_custom": false,
            "is_cohort_sum": false,
            "provider": "$",
            "need_finicity": false,
            "is_daily_increase": false
        }
    },
    {
        "pk": "cac",
        "model": "kpis.kpibase",
        "fields": {
            "edited": "2017-03-09T13:42:14.139Z",
            "need_stripe": false,
            "update_period": "monthly",
            "name": "Customer Acquisition Cost (CAC)",
            "created": "2017-02-13T12:20:57.696Z",
            "deleted": null,
            "created_by": null,
            "need_xero": true,
            "need_outset": false,
            "is_custom": false,
            "is_cohort_sum": false,
            "provider": "$",
            "need_finicity": false,
            "is_daily_increase": false
        }
    },
    {
        "pk": "CLTV:CAC",
        "model": "kpis.kpibase",
        "fields": {
            "edited": "2017-03-09T13:42:14.033Z",
            "need_stripe": true,
            "update_period": "monthly",
            "name": "CLTV:CAC Ratio",
            "created": "2017-03-02T16:51:08.409Z",
            "deleted": null,
            "created_by": null,
            "need_xero": true,
            "need_outset": false,
            "is_custom": false,
            "is_cohort_sum": false,
            "provider": "#",
            "need_finicity": false,
            "is_daily_increase": false
        }
    },
    {
        "pk": "cancelled_customers",
        "model": "kpis.kpibase",
        "fields": {
            "edited": "2017-03-09T13:42:14.050Z",
            "need_stripe": true,
            "update_period": "daily",
            "name": "Cancelled Customers",
            "created": "2017-02-13T12:17:46.429Z",
            "deleted": null,
            "created_by": null,
            "need_xero": false,
            "need_outset": false,
            "is_custom": false,
            "is_cohort_sum": true,
            "provider": "#",
            "need_finicity": false,
            "is_daily_increase": true
        }
    },
    {
        "pk": "cash_in",
        "model": "kpis.kpibase",
        "fields": {
            "edited": "2017-03-09T13:42:14.068Z",
            "need_stripe": false,
            "update_period": "daily",
            "name": "Cash In",
            "created": "2017-02-13T12:19:04.048Z",
            "deleted": null,
            "created_by": null,
            "need_xero": false,
            "need_outset": false,
            "is_custom": false,
            "is_cohort_sum": true,
            "provider": "$",
            "need_finicity": true,
            "is_daily_increase": true
        }
    },
    {
        "pk": "cash_on_hand",
        "model": "kpis.kpibase",
        "fields": {
            "edited": "2017-03-09T13:42:14.085Z",
            "need_stripe": false,
            "update_period": "daily",
            "name": "Cash on Hand",
            "created": "2017-02-13T12:18:28.309Z",
            "deleted": null,
            "created_by": null,
            "need_xero": false,
            "need_outset": false,
            "is_custom": false,
            "is_cohort_sum": true,
            "provider": "$",
            "need_finicity": true,
            "is_daily_increase": false
        }
    },
    {
        "pk": "cash_out",
        "model": "kpis.kpibase",
        "fields": {
            "edited": "2017-03-09T13:42:14.105Z",
            "need_stripe": false,
            "update_period": "daily",
            "name": "Cash Out",
            "created": "2017-02-13T12:19:21.672Z",
            "deleted": null,
            "created_by": null,
            "need_xero": false,
            "need_outset": false,
            "is_custom": false,
            "is_cohort_sum": true,
            "provider": "$",
            "need_finicity": true,
            "is_daily_increase": true
        }
    },
    {
        "pk": "CLV",
        "model": "kpis.kpibase",
        "fields": {
            "edited": "2017-03-07T16:56:13.290Z",
            "need_stripe": true,
            "update_period": "daily",
            "name": "Customer Lifetime Value (CLV)",
            "created": "2017-03-07T16:56:13.290Z",
            "deleted": null,
            "created_by": null,
            "need_xero": false,
            "need_outset": false,
            "is_custom": false,
            "is_cohort_sum": false,
            "provider": "#",
            "need_finicity": false,
            "is_daily_increase": true
        }
    },
    {
        "pk": "contraction_revenue",
        "model": "kpis.kpibase",
        "fields": {
            "edited": "2017-03-09T13:42:14.122Z",
            "need_stripe": true,
            "update_period": "daily",
            "name": "Contraction Revenue",
            "created": "2017-02-13T12:05:41.377Z",
            "deleted": null,
            "created_by": null,
            "need_xero": false,
            "need_outset": false,
            "is_custom": false,
            "is_cohort_sum": true,
            "provider": "$",
            "need_finicity": false,
            "is_daily_increase": true
        }
    },
    {
        "pk": "customer_churn",
        "model": "kpis.kpibase",
        "fields": {
            "edited": "2017-03-09T13:42:14.156Z",
            "need_stripe": true,
            "update_period": "daily",
            "name": "Customer Churn",
            "created": "2017-02-13T12:15:48.206Z",
            "deleted": null,
            "created_by": null,
            "need_xero": false,
            "need_outset": false,
            "is_custom": false,
            "is_cohort_sum": false,
            "provider": "%",
            "need_finicity": false,
            "is_daily_increase": true
        }
    },
    {
        "pk": "downgraded_customers",
        "model": "kpis.kpibase",
        "fields": {
            "edited": "2017-03-09T13:42:14.215Z",
            "need_stripe": true,
            "update_period": "daily",
            "name": "Downgraded Customers",
            "created": "2017-02-13T12:17:32.579Z",
            "deleted": null,
            "created_by": null,
            "need_xero": false,
            "need_outset": false,
            "is_custom": false,
            "is_cohort_sum": true,
            "provider": "#",
            "need_finicity": false,
            "is_daily_increase": true
        }
    },
    {
        "pk": "dtl",
        "model": "kpis.kpibase",
        "fields": {
            "edited": "2017-03-09T13:42:14.197Z",
            "need_stripe": true,
            "update_period": "daily",
            "name": "Days to Live",
            "created": "2017-02-13T12:33:57.749Z",
            "deleted": null,
            "created_by": null,
            "need_xero": false,
            "need_outset": false,
            "is_custom": false,
            "is_cohort_sum": false,
            "provider": "#",
            "need_finicity": true,
            "is_daily_increase": false
        }
    },
    {
        "pk": "expansion_mrr",
        "model": "kpis.kpibase",
        "fields": {
            "edited": "2017-03-09T13:42:14.231Z",
            "need_stripe": true,
            "update_period": "daily",
            "name": "Expansion MRR",
            "created": "2017-02-13T12:10:07.994Z",
            "deleted": null,
            "created_by": null,
            "need_xero": false,
            "need_outset": false,
            "is_custom": false,
            "is_cohort_sum": true,
            "provider": "$",
            "need_finicity": false,
            "is_daily_increase": true
        }
    },
    {
        "pk": "forecast",
        "model": "kpis.kpibase",
        "fields": {
            "edited": "2017-03-09T13:42:14.248Z",
            "need_stripe": true,
            "update_period": "daily",
            "name": "Forecast",
            "created": "2017-02-13T12:06:31.472Z",
            "deleted": null,
            "created_by": null,
            "need_xero": false,
            "need_outset": false,
            "is_custom": false,
            "is_cohort_sum": true,
            "provider": "$",
            "need_finicity": false,
            "is_daily_increase": false
        }
    },
    {
        "pk": "fte",
        "model": "kpis.kpibase",
        "fields": {
            "edited": "2017-03-09T13:42:14.266Z",
            "need_stripe": false,
            "update_period": "monthly",
            "name": "Full-time Equivalent Employees (FTE)",
            "created": "2017-02-13T12:32:07.734Z",
            "deleted": null,
            "created_by": null,
            "need_xero": false,
            "need_outset": false,
            "is_custom": false,
            "is_cohort_sum": true,
            "provider": "#",
            "need_finicity": false,
            "is_daily_increase": false
        }
    },
    {
        "pk": "gross_margins",
        "model": "kpis.kpibase",
        "fields": {
            "edited": "2017-03-09T13:42:14.282Z",
            "need_stripe": false,
            "update_period": "monthly",
            "name": "Gross Margins",
            "created": "2017-02-13T12:20:37.720Z",
            "deleted": null,
            "created_by": null,
            "need_xero": true,
            "need_outset": false,
            "is_custom": false,
            "is_cohort_sum": false,
            "provider": "%",
            "need_finicity": false,
            "is_daily_increase": false
        }
    },
    {
        "pk": "CLTV",
        "model": "kpis.kpibase",
        "fields": {
            "edited": "2017-03-09T13:42:14.174Z",
            "need_stripe": true,
            "update_period": "daily",
            "name": "Customer Lifetime Value (CLTV)",
            "created": "2017-02-13T12:08:28.260Z",
            "deleted": null,
            "created_by": null,
            "need_xero": false,
            "need_outset": false,
            "is_custom": false,
            "is_cohort_sum": false,
            "provider": "$",
            "need_finicity": false,
            "is_daily_increase": true
        }
    },
    {
        "pk": "net_burn",
        "model": "kpis.kpibase",
        "fields": {
            "edited": "2017-03-09T13:42:14.299Z",
            "need_stripe": false,
            "update_period": "daily",
            "name": "Net Burn",
            "created": "2017-03-02T16:46:06.744Z",
            "deleted": null,
            "created_by": null,
            "need_xero": false,
            "need_outset": false,
            "is_custom": false,
            "is_cohort_sum": false,
            "provider": "$",
            "need_finicity": true,
            "is_daily_increase": true
        }
    },
    {
        "pk": "net_new_mrr",
        "model": "kpis.kpibase",
        "fields": {
            "edited": "2017-03-09T13:42:14.316Z",
            "need_stripe": true,
            "update_period": "daily",
            "name": "Net New MRR",
            "created": "2017-02-13T12:11:45.765Z",
            "deleted": null,
            "created_by": null,
            "need_xero": false,
            "need_outset": false,
            "is_custom": false,
            "is_cohort_sum": true,
            "provider": "$",
            "need_finicity": false,
            "is_daily_increase": true
        }
    },
    {
        "pk": "new_customers",
        "model": "kpis.kpibase",
        "fields": {
            "edited": "2017-03-09T13:42:14.333Z",
            "need_stripe": true,
            "update_period": "daily",
            "name": "New Customers",
            "created": "2017-02-13T12:16:17.317Z",
            "deleted": null,
            "created_by": null,
            "need_xero": false,
            "need_outset": false,
            "is_custom": false,
            "is_cohort_sum": true,
            "provider": "#",
            "need_finicity": false,
            "is_daily_increase": true
        }
    },
    {
        "pk": "new_mrr",
        "model": "kpis.kpibase",
        "fields": {
            "edited": "2017-03-09T13:42:14.349Z",
            "need_stripe": true,
            "update_period": "daily",
            "name": "New MRR",
            "created": "2017-02-13T12:09:35.512Z",
            "deleted": null,
            "created_by": null,
            "need_xero": false,
            "need_outset": false,
            "is_custom": false,
            "is_cohort_sum": true,
            "provider": "$",
            "need_finicity": false,
            "is_daily_increase": true
        }
    },
    {
        "pk": "reactivated_customer",
        "model": "kpis.kpibase",
        "fields": {
            "edited": "2017-03-09T13:42:14.367Z",
            "need_stripe": true,
            "update_period": "daily",
            "name": "Reactivated Customers",
            "created": "2017-02-13T12:17:14.987Z",
            "deleted": null,
            "created_by": null,
            "need_xero": false,
            "need_outset": false,
            "is_custom": false,
            "is_cohort_sum": true,
            "provider": "#",
            "need_finicity": false,
            "is_daily_increase": true
        }
    },
    {
        "pk": "reactivation_mrr",
        "model": "kpis.kpibase",
        "fields": {
            "edited": "2017-03-09T13:42:14.390Z",
            "need_stripe": true,
            "update_period": "daily",
            "name": "Reactivation MRR",
            "created": "2017-02-13T12:11:08.110Z",
            "deleted": null,
            "created_by": null,
            "need_xero": false,
            "need_outset": false,
            "is_custom": false,
            "is_cohort_sum": true,
            "provider": "$",
            "need_finicity": false,
            "is_daily_increase": true
        }
    },
    {
        "pk": "revenue",
        "model": "kpis.kpibase",
        "fields": {
            "edited": "2017-03-09T13:42:14.411Z",
            "need_stripe": true,
            "update_period": "daily",
            "name": "Revenue",
            "created": "2017-02-13T12:05:01.535Z",
            "deleted": null,
            "created_by": null,
            "need_xero": false,
            "need_outset": false,
            "is_custom": false,
            "is_cohort_sum": true,
            "provider": "$",
            "need_finicity": false,
            "is_daily_increase": true
        }
    },
    {
        "pk": "revenue_churn",
        "model": "kpis.kpibase",
        "fields": {
            "edited": "2017-03-09T13:42:14.428Z",
            "need_stripe": true,
            "update_period": "daily",
            "name": "Revenue Churn",
            "created": "2017-02-13T12:15:32.497Z",
            "deleted": null,
            "created_by": null,
            "need_xero": false,
            "need_outset": false,
            "is_custom": false,
            "is_cohort_sum": false,
            "provider": "%",
            "need_finicity": false,
            "is_daily_increase": false
        }
    },
    {
        "pk": "total_capital_raised",
        "model": "kpis.kpibase",
        "fields": {
            "edited": "2017-03-09T13:42:14.444Z",
            "need_stripe": false,
            "update_period": "daily",
            "name": "Total Capital Raised",
            "created": "2017-02-15T13:30:47.090Z",
            "deleted": null,
            "created_by": null,
            "need_xero": false,
            "need_outset": false,
            "is_custom": false,
            "is_cohort_sum": false,
            "provider": "$",
            "need_finicity": false,
            "is_daily_increase": true
        }
    },
    {
        "pk": "upgraded_customers",
        "model": "kpis.kpibase",
        "fields": {
            "edited": "2017-03-09T13:42:14.460Z",
            "need_stripe": true,
            "update_period": "daily",
            "name": "Upgraded Customers",
            "created": "2017-02-13T12:16:54.018Z",
            "deleted": null,
            "created_by": null,
            "need_xero": false,
            "need_outset": false,
            "is_custom": false,
            "is_cohort_sum": true,
            "provider": "#",
            "need_finicity": false,
            "is_daily_increase": true
        }
    },
    {
        "pk": "valuation",
        "model": "kpis.kpibase",
        "fields": {
            "edited": "2017-03-09T13:42:14.477Z",
            "need_stripe": false,
            "update_period": "daily",
            "name": "Valuation",
            "created": "2017-02-15T13:30:23.122Z",
            "deleted": null,
            "created_by": null,
            "need_xero": false,
            "need_outset": false,
            "is_custom": false,
            "is_cohort_sum": true,
            "provider": "$",
            "need_finicity": false,
            "is_daily_increase": false
        }
    },
    {
        "pk": "annual_run_rate",
        "model": "kpis.defaultkpitrack",
        "fields": {
            "for_startup": true,
            "is_period_selected": false,
            "is_diff_percent": false,
            "name": "Annual Run Rate",
            "deleted": null,
            "period": "monthly",
            "main_base": null,
            "is_kpi_selected": false,
            "bases": [
                "annual_run_rate"
            ],
            "has_expanded": false,
            "chart_type": "area",
            "position": 25,
            "is_compare_last_period": false,
            "for_cohort": false
        }
    },
    {
        "pk": "arpu",
        "model": "kpis.defaultkpitrack",
        "fields": {
            "for_startup": true,
            "is_period_selected": false,
            "is_diff_percent": false,
            "name": "ARPU (Average Revenue Per User)",
            "deleted": null,
            "period": "monthly",
            "main_base": null,
            "is_kpi_selected": false,
            "bases": [
                "arpu"
            ],
            "has_expanded": true,
            "chart_type": "area",
            "position": 55,
            "is_compare_last_period": false,
            "for_cohort": false
        }
    },
    {
        "pk": "cac",
        "model": "kpis.defaultkpitrack",
        "fields": {
            "for_startup": true,
            "is_period_selected": false,
            "is_diff_percent": false,
            "name": "CAC (Customer Acquisition Cost)",
            "deleted": null,
            "period": "monthly",
            "main_base": null,
            "is_kpi_selected": false,
            "bases": [
                "cac"
            ],
            "has_expanded": true,
            "chart_type": "column",
            "position": 53,
            "is_compare_last_period": false,
            "for_cohort": false
        }
    },
    {
        "pk": "cltv_cac",
        "model": "kpis.defaultkpitrack",
        "fields": {
            "for_startup": true,
            "is_period_selected": false,
            "is_diff_percent": false,
            "name": "CLTV:CAC Ratio",
            "deleted": null,
            "period": "monthly",
            "main_base": null,
            "is_kpi_selected": false,
            "bases": [
                "CLTV:CAC"
            ],
            "has_expanded": true,
            "chart_type": "area",
            "position": 70,
            "is_compare_last_period": false,
            "for_cohort": false
        }
    },
    {
        "pk": "cancelled_customers",
        "model": "kpis.defaultkpitrack",
        "fields": {
            "for_startup": true,
            "is_period_selected": false,
            "is_diff_percent": false,
            "name": "Cancelled Customers",
            "deleted": null,
            "period": "monthly",
            "main_base": "cancelled_customers",
            "is_kpi_selected": false,
            "bases": [],
            "has_expanded": true,
            "chart_type": "line",
            "position": 90,
            "is_compare_last_period": false,
            "for_cohort": false
        }
    },
    {
        "pk": "cash_in_vs_cash_out",
        "model": "kpis.defaultkpitrack",
        "fields": {
            "for_startup": true,
            "is_period_selected": false,
            "is_diff_percent": false,
            "name": "Cash In/Cash Out",
            "deleted": null,
            "period": "monthly",
            "main_base": "cash_in",
            "is_kpi_selected": false,
            "bases": [
                "cash_out"
            ],
            "has_expanded": false,
            "chart_type": "column",
            "position": 0,
            "is_compare_last_period": false,
            "for_cohort": true
        }
    },
    {
        "pk": "cash_on_hand",
        "model": "kpis.defaultkpitrack",
        "fields": {
            "for_startup": true,
            "is_period_selected": false,
            "is_diff_percent": false,
            "name": "Cash on Hand",
            "deleted": null,
            "period": "monthly",
            "main_base": null,
            "is_kpi_selected": false,
            "bases": [
                "cash_on_hand"
            ],
            "has_expanded": false,
            "chart_type": "number",
            "position": 5,
            "is_compare_last_period": false,
            "for_cohort": false
        }
    },
    {
        "pk": "cash_on_hand_cohort",
        "model": "kpis.defaultkpitrack",
        "fields": {
            "for_startup": false,
            "is_period_selected": false,
            "is_diff_percent": false,
            "name": "Cash on Hand",
            "deleted": null,
            "period": "monthly",
            "main_base": null,
            "is_kpi_selected": false,
            "bases": [
                "cash_on_hand"
            ],
            "has_expanded": false,
            "chart_type": "area",
            "position": 5,
            "is_compare_last_period": false,
            "for_cohort": true
        }
    },
    {
        "pk": "comparison",
        "model": "kpis.defaultkpitrack",
        "fields": {
            "for_startup": false,
            "is_period_selected": true,
            "is_diff_percent": false,
            "name": "Comparison",
            "deleted": null,
            "period": "monthly",
            "main_base": null,
            "is_kpi_selected": true,
            "bases": [
                "arpu",
                "CLTV",
                "revenue",
                "revenue_churn"
            ],
            "has_expanded": false,
            "chart_type": "bubble",
            "position": 48,
            "is_compare_last_period": false,
            "for_cohort": true
        }
    },
    {
        "pk": "contr_revenue",
        "model": "kpis.defaultkpitrack",
        "fields": {
            "for_startup": true,
            "is_period_selected": false,
            "is_diff_percent": false,
            "name": "Contraction Revenue",
            "deleted": null,
            "period": "monthly",
            "main_base": null,
            "is_kpi_selected": false,
            "bases": [
                "contraction_revenue"
            ],
            "has_expanded": true,
            "chart_type": "line",
            "position": 44,
            "is_compare_last_period": false,
            "for_cohort": false
        }
    },
    {
        "pk": "customer_churn",
        "model": "kpis.defaultkpitrack",
        "fields": {
            "for_startup": true,
            "is_period_selected": false,
            "is_diff_percent": false,
            "name": "Customer Churn",
            "deleted": null,
            "period": "monthly",
            "main_base": null,
            "is_kpi_selected": false,
            "bases": [
                "customer_churn"
            ],
            "has_expanded": true,
            "chart_type": "line",
            "position": 65,
            "is_compare_last_period": false,
            "for_cohort": false
        }
    },
    {
        "pk": "days_to_live",
        "model": "kpis.defaultkpitrack",
        "fields": {
            "for_startup": true,
            "is_period_selected": false,
            "is_diff_percent": false,
            "name": "Days to Live",
            "deleted": null,
            "period": "monthly",
            "main_base": null,
            "is_kpi_selected": false,
            "bases": [
                "dtl"
            ],
            "has_expanded": false,
            "chart_type": "number",
            "position": 15,
            "is_compare_last_period": false,
            "for_cohort": false
        }
    },
    {
        "pk": "days_to_live_cohort",
        "model": "kpis.defaultkpitrack",
        "fields": {
            "for_startup": false,
            "is_period_selected": false,
            "is_diff_percent": false,
            "name": "Days to Live",
            "deleted": null,
            "period": "monthly",
            "main_base": null,
            "is_kpi_selected": false,
            "bases": [
                "dtl"
            ],
            "has_expanded": false,
            "chart_type": "scatter",
            "position": 10,
            "is_compare_last_period": false,
            "for_cohort": true
        }
    },
    {
        "pk": "downgraded_customers",
        "model": "kpis.defaultkpitrack",
        "fields": {
            "for_startup": true,
            "is_period_selected": false,
            "is_diff_percent": false,
            "name": "Downgraded Customers",
            "deleted": null,
            "period": "monthly",
            "main_base": null,
            "is_kpi_selected": false,
            "bases": [
                "downgraded_customers"
            ],
            "has_expanded": true,
            "chart_type": "column",
            "position": 85,
            "is_compare_last_period": false,
            "for_cohort": false
        }
    },
    {
        "pk": "expansion_mrr",
        "model": "kpis.defaultkpitrack",
        "fields": {
            "for_startup": true,
            "is_period_selected": false,
            "is_diff_percent": false,
            "name": "Expansion MRR",
            "deleted": null,
            "period": "monthly",
            "main_base": null,
            "is_kpi_selected": false,
            "bases": [
                "expansion_mrr"
            ],
            "has_expanded": true,
            "chart_type": "line",
            "position": 42,
            "is_compare_last_period": false,
            "for_cohort": false
        }
    },
    {
        "pk": "fte",
        "model": "kpis.defaultkpitrack",
        "fields": {
            "for_startup": true,
            "is_period_selected": false,
            "is_diff_percent": false,
            "name": "Fulltime Equivalent Employees (FTE)",
            "deleted": null,
            "period": "monthly",
            "main_base": null,
            "is_kpi_selected": false,
            "bases": [
                "fte"
            ],
            "has_expanded": true,
            "chart_type": "number",
            "position": 190,
            "is_compare_last_period": false,
            "for_cohort": true
        }
    },
    {
        "pk": "gross_margins",
        "model": "kpis.defaultkpitrack",
        "fields": {
            "for_startup": true,
            "is_period_selected": false,
            "is_diff_percent": false,
            "name": "Gross Margins",
            "deleted": null,
            "period": "monthly",
            "main_base": "gross_margins",
            "is_kpi_selected": false,
            "bases": [],
            "has_expanded": true,
            "chart_type": "line",
            "position": 50,
            "is_compare_last_period": false,
            "for_cohort": false
        }
    },
    {
        "pk": "growth_over_time",
        "model": "kpis.defaultkpitrack",
        "fields": {
            "for_startup": true,
            "is_period_selected": true,
            "is_diff_percent": true,
            "name": "Growth Over Time",
            "deleted": null,
            "period": "monthly",
            "main_base": null,
            "is_kpi_selected": true,
            "bases": [
                "active_customers",
                "arpu",
                "CLTV",
                "gross_margins",
                "revenue"
            ],
            "has_expanded": false,
            "chart_type": "column",
            "position": 47,
            "is_compare_last_period": false,
            "for_cohort": true
        }
    },
    {
        "pk": "CLTV",
        "model": "kpis.defaultkpitrack",
        "fields": {
            "for_startup": true,
            "is_period_selected": false,
            "is_diff_percent": false,
            "name": "CLTV (Customer Lifetime Value)",
            "deleted": null,
            "period": "monthly",
            "main_base": null,
            "is_kpi_selected": false,
            "bases": [
                "CLTV"
            ],
            "has_expanded": true,
            "chart_type": "line",
            "position": 60,
            "is_compare_last_period": false,
            "for_cohort": false
        }
    },
    {
        "pk": "net_burn",
        "model": "kpis.defaultkpitrack",
        "fields": {
            "for_startup": true,
            "is_period_selected": false,
            "is_diff_percent": false,
            "name": "Net Burn",
            "deleted": null,
            "period": "monthly",
            "main_base": null,
            "is_kpi_selected": false,
            "bases": [
                "net_burn"
            ],
            "has_expanded": false,
            "chart_type": "line",
            "position": 10,
            "is_compare_last_period": false,
            "for_cohort": false
        }
    },
    {
        "pk": "net_burn_cohort",
        "model": "kpis.defaultkpitrack",
        "fields": {
            "for_startup": false,
            "is_period_selected": false,
            "is_diff_percent": false,
            "name": "Net Burn",
            "deleted": null,
            "period": "monthly",
            "main_base": null,
            "is_kpi_selected": false,
            "bases": [
                "net_burn"
            ],
            "has_expanded": false,
            "chart_type": "scatter",
            "position": 15,
            "is_compare_last_period": false,
            "for_cohort": true
        }
    },
    {
        "pk": "net_new_mrr",
        "model": "kpis.defaultkpitrack",
        "fields": {
            "for_startup": true,
            "is_period_selected": false,
            "is_diff_percent": false,
            "name": "Net New MRR",
            "deleted": null,
            "period": "monthly",
            "main_base": null,
            "is_kpi_selected": false,
            "bases": [
                "net_new_mrr"
            ],
            "has_expanded": true,
            "chart_type": "line",
            "position": 45,
            "is_compare_last_period": false,
            "for_cohort": false
        }
    },
    {
        "pk": "new_customers",
        "model": "kpis.defaultkpitrack",
        "fields": {
            "for_startup": true,
            "is_period_selected": false,
            "is_diff_percent": false,
            "name": "New Customers",
            "deleted": null,
            "period": "monthly",
            "main_base": null,
            "is_kpi_selected": false,
            "bases": [
                "new_customers"
            ],
            "has_expanded": true,
            "chart_type": "column",
            "position": 74,
            "is_compare_last_period": false,
            "for_cohort": false
        }
    },
    {
        "pk": "new_mrr",
        "model": "kpis.defaultkpitrack",
        "fields": {
            "for_startup": true,
            "is_period_selected": false,
            "is_diff_percent": false,
            "name": "New MRR",
            "deleted": null,
            "period": "monthly",
            "main_base": null,
            "is_kpi_selected": false,
            "bases": [
                "new_mrr"
            ],
            "has_expanded": true,
            "chart_type": "line",
            "position": 41,
            "is_compare_last_period": false,
            "for_cohort": false
        }
    },
    {
        "pk": "reactivated_customes",
        "model": "kpis.defaultkpitrack",
        "fields": {
            "for_startup": true,
            "is_period_selected": false,
            "is_diff_percent": false,
            "name": "Reactivated Customers",
            "deleted": null,
            "period": "monthly",
            "main_base": "reactivated_customer",
            "is_kpi_selected": false,
            "bases": [],
            "has_expanded": true,
            "chart_type": "area",
            "position": 80,
            "is_compare_last_period": false,
            "for_cohort": false
        }
    },
    {
        "pk": "reactivation_mrr",
        "model": "kpis.defaultkpitrack",
        "fields": {
            "for_startup": true,
            "is_period_selected": false,
            "is_diff_percent": false,
            "name": "Reactivation MRR",
            "deleted": null,
            "period": "monthly",
            "main_base": null,
            "is_kpi_selected": false,
            "bases": [
                "reactivation_mrr"
            ],
            "has_expanded": true,
            "chart_type": "line",
            "position": 43,
            "is_compare_last_period": false,
            "for_cohort": false
        }
    },
    {
        "pk": "revenue",
        "model": "kpis.defaultkpitrack",
        "fields": {
            "for_startup": false,
            "is_period_selected": false,
            "is_diff_percent": false,
            "name": "Revenue",
            "deleted": null,
            "period": "monthly",
            "main_base": null,
            "is_kpi_selected": false,
            "bases": [
                "revenue"
            ],
            "has_expanded": true,
            "chart_type": "line",
            "position": 30,
            "is_compare_last_period": false,
            "for_cohort": true
        }
    },
    {
        "pk": "revenue_churn",
        "model": "kpis.defaultkpitrack",
        "fields": {
            "for_startup": true,
            "is_period_selected": false,
            "is_diff_percent": false,
            "name": "Revenue Churn",
            "deleted": null,
            "period": "monthly",
            "main_base": "revenue_churn",
            "is_kpi_selected": false,
            "bases": [],
            "has_expanded": true,
            "chart_type": "line",
            "position": 46,
            "is_compare_last_period": false,
            "for_cohort": false
        }
    },
    {
        "pk": "revenue_last_period",
        "model": "kpis.defaultkpitrack",
        "fields": {
            "for_startup": true,
            "is_period_selected": true,
            "is_diff_percent": false,
            "name": "Current Revenue vs. Last (Month, Quarter, Year)",
            "deleted": null,
            "period": "monthly",
            "main_base": "revenue",
            "is_kpi_selected": false,
            "bases": [],
            "has_expanded": true,
            "chart_type": "column_and_line",
            "position": 35,
            "is_compare_last_period": true,
            "for_cohort": true
        }
    },
    {
        "pk": "revenue_movements",
        "model": "kpis.defaultkpitrack",
        "fields": {
            "for_startup": true,
            "is_period_selected": false,
            "is_diff_percent": false,
            "name": "Revenue Movements",
            "deleted": null,
            "period": "monthly",
            "main_base": "new_mrr",
            "is_kpi_selected": false,
            "bases": [
                "contraction_revenue",
                "expansion_mrr",
                "net_new_mrr",
                "reactivation_mrr",
                "revenue_churn"
            ],
            "has_expanded": false,
            "chart_type": "stack_and_line",
            "position": 40,
            "is_compare_last_period": false,
            "for_cohort": false
        }
    },
    {
        "pk": "revenue_vs_forecast",
        "model": "kpis.defaultkpitrack",
        "fields": {
            "for_startup": true,
            "is_period_selected": false,
            "is_diff_percent": false,
            "name": "Revenue vs. Forecast",
            "deleted": null,
            "period": "monthly",
            "main_base": null,
            "is_kpi_selected": false,
            "bases": [
                "forecast",
                "revenue"
            ],
            "has_expanded": false,
            "chart_type": "column_and_line",
            "position": 20,
            "is_compare_last_period": false,
            "for_cohort": false
        }
    },
    {
        "pk": "total_capital_raised",
        "model": "kpis.defaultkpitrack",
        "fields": {
            "for_startup": true,
            "is_period_selected": false,
            "is_diff_percent": false,
            "name": "Total Capital Raised",
            "deleted": null,
            "period": "monthly",
            "main_base": null,
            "is_kpi_selected": false,
            "bases": [
                "total_capital_raised"
            ],
            "has_expanded": true,
            "chart_type": "number",
            "position": 200,
            "is_compare_last_period": false,
            "for_cohort": true
        }
    },
    {
        "pk": "upgraded_customers",
        "model": "kpis.defaultkpitrack",
        "fields": {
            "for_startup": true,
            "is_period_selected": false,
            "is_diff_percent": false,
            "name": "Upgraded Customers",
            "deleted": null,
            "period": "monthly",
            "main_base": "upgraded_customers",
            "is_kpi_selected": false,
            "bases": [],
            "has_expanded": true,
            "chart_type": "line",
            "position": 75,
            "is_compare_last_period": false,
            "for_cohort": false
        }
    },
    {
        "pk": "valuation",
        "model": "kpis.defaultkpitrack",
        "fields": {
            "for_startup": true,
            "is_period_selected": false,
            "is_diff_percent": false,
            "name": "Valuation",
            "deleted": null,
            "period": "monthly",
            "main_base": null,
            "is_kpi_selected": false,
            "bases": [
                "valuation"
            ],
            "has_expanded": true,
            "chart_type": "number",
            "position": 180,
            "is_compare_last_period": false,
            "for_cohort": true
        }
    }
]
