[
    {
        "pk": "companies",
        "model": "billing.option",
        "fields": {
            "description": "",
            "monthly_pay": 0,
            "annually_pay": 0,
            "description_plural": "",
            "verbose_name_infinity": "",
            "verbose_name_plural": "",
            "monthly_id": null,
            "annually_id": null,
            "is_additional": false,
            "is_hidden": false,
            "verbose_name": "Unlimited Portfolio Companies"
        }
    },
    {
        "pk": "dashboard",
        "model": "billing.option",
        "fields": {
            "description": "",
            "monthly_pay": 0,
            "annually_pay": 0,
            "description_plural": "",
            "verbose_name_infinity": "",
            "verbose_name_plural": "",
            "monthly_id": null,
            "annually_id": null,
            "is_additional": false,
            "is_hidden": false,
            "verbose_name": "Automated Dashboard Creation for Investors & Founders"
        }
    },
    {
        "pk": "portfolio-calculation",
        "model": "billing.option",
        "fields": {
            "description": "",
            "monthly_pay": 0,
            "annually_pay": 0,
            "description_plural": "",
            "verbose_name_infinity": "",
            "verbose_name_plural": "",
            "monthly_id": null,
            "annually_id": null,
            "is_additional": false,
            "is_hidden": false,
            "verbose_name": "Automated Portfolio Calculations"
        }
    },
    {
        "pk": "company-updates",
        "model": "billing.option",
        "fields": {
            "description": "",
            "monthly_pay": 0,
            "annually_pay": 0,
            "description_plural": "",
            "verbose_name_infinity": "",
            "verbose_name_plural": "",
            "monthly_id": null,
            "annually_id": null,
            "is_additional": false,
            "is_hidden": false,
            "verbose_name": "Standardized Portfolio Company Updates"
        }
    },
    {
        "pk": "startup-data",
        "model": "billing.option",
        "fields": {
            "description": "",
            "monthly_pay": 0,
            "annually_pay": 0,
            "description_plural": "",
            "verbose_name_infinity": "",
            "verbose_name_plural": "",
            "monthly_id": null,
            "annually_id": null,
            "is_additional": false,
            "is_hidden": false,
            "verbose_name": "Standardized Startup Data"
        }
    },
    {
        "pk": "all-in-hobby",
        "model": "billing.option",
        "fields": {
            "description": "",
            "monthly_pay": 0,
            "annually_pay": 0,
            "description_plural": "",
            "verbose_name_infinity": "",
            "verbose_name_plural": "",
            "monthly_id": null,
            "annually_id": null,
            "is_additional": false,
            "is_hidden": false,
            "verbose_name": "Everything in Hobby"
        }
    },
    {
        "pk": "data-integration-bank",
        "model": "billing.option",
        "fields": {
            "description": "",
            "monthly_pay": 0,
            "annually_pay": 0,
            "description_plural": "",
            "verbose_name_infinity": "",
            "verbose_name_plural": "",
            "monthly_id": null,
            "annually_id": null,
            "is_additional": false,
            "is_hidden": false,
            "verbose_name": "12,000 US Bank Integrations"
        }
    },
    {
        "pk": "data-integration",
        "model": "billing.option",
        "fields": {
            "description": "",
            "monthly_pay": 0,
            "annually_pay": 0,
            "description_plural": "",
            "verbose_name_infinity": "",
            "verbose_name_plural": "",
            "monthly_id": null,
            "annually_id": null,
            "is_additional": false,
            "is_hidden": false,
            "verbose_name": "Stripe, Xero API Integrations"
        }
    },
    {
        "pk": "real-time-updates",
        "model": "billing.option",
        "fields": {
            "description": "",
            "monthly_pay": 0,
            "annually_pay": 0,
            "description_plural": "",
            "verbose_name_infinity": "",
            "verbose_name_plural": "",
            "monthly_id": null,
            "annually_id": null,
            "is_additional": false,
            "is_hidden": false,
            "verbose_name": "Real-Time Updates"
        }
    },
    {
        "pk": "auto-revenue-forecasting",
        "model": "billing.option",
        "fields": {
            "description": "",
            "monthly_pay": 0,
            "annually_pay": 0,
            "description_plural": "",
            "verbose_name_infinity": "",
            "verbose_name_plural": "",
            "monthly_id": null,
            "annually_id": null,
            "is_additional": false,
            "is_hidden": false,
            "verbose_name": "Automated Revenue Forecasting"
        }
    },
    {
        "pk": "rank-order-companies",
        "model": "billing.option",
        "fields": {
            "description": "",
            "monthly_pay": 0,
            "annually_pay": 0,
            "description_plural": "",
            "verbose_name_infinity": "",
            "verbose_name_plural": "",
            "monthly_id": null,
            "annually_id": null,
            "is_additional": false,
            "is_hidden": false,
            "verbose_name": "Rank Order Companies"
        }
    },
    {
        "pk": "google-drive-sync",
        "model": "billing.option",
        "fields": {
            "description": "",
            "monthly_pay": 0,
            "annually_pay": 0,
            "description_plural": "",
            "verbose_name_infinity": "",
            "verbose_name_plural": "",
            "monthly_id": null,
            "annually_id": null,
            "is_additional": false,
            "is_hidden": false,
            "verbose_name": "Automated Document Rooms synced with Google Drive"
        }
    },
    {
        "pk": "api-access",
        "model": "billing.option",
        "fields": {
            "description": "",
            "monthly_pay": 0,
            "annually_pay": 0,
            "description_plural": "",
            "verbose_name_infinity": "",
            "verbose_name_plural": "",
            "monthly_id": null,
            "annually_id": null,
            "is_additional": false,
            "is_hidden": false,
            "verbose_name": "Outset API Access"
        }
    },
    {
        "pk": "hobby",
        "model": "billing.plan",
        "fields": {
            "monthly_id": null,
            "annually_id": null,
            "monthly_pay": 199,
            "name": "Hobby Investor",
            "annually_pay": 199
        }
    },
    {
        "pk": "pro",
        "model": "billing.plan",
        "fields": {
            "monthly_id": null,
            "annually_id": null,
            "monthly_pay": 1999,
            "name": "Professional Investor",
            "annually_pay": 1999
        }
    },
    {
        "model": "billing.availableoption",
        "fields": {
            "id": 1,
            "position": 10,
            "plan": "hobby",
            "value": null,
            "option": "companies"
        }
    },
    {
        "model": "billing.availableoption",
        "fields": {
            "id": 2,
            "position": 20,
            "plan": "hobby",
            "value": null,
            "option": "dashboard"
        }
    },
    {
        "model": "billing.availableoption",
        "fields": {
            "id": 3,
            "position": 30,
            "plan": "hobby",
            "value": null,
            "option": "portfolio-calculation"
        }
    },
    {
        "model": "billing.availableoption",
        "fields": {
            "id": 4,
            "position": 40,
            "plan": "hobby",
            "value": null,
            "option": "company-updates"
        }
    },
    {
        "model": "billing.availableoption",
        "fields": {
            "id": 5,
            "position": 50,
            "plan": "hobby",
            "value": null,
            "option": "startup-data"
        }
    },
    {
        "model": "billing.availableoption",
        "fields": {
            "id": 6,
            "position": 10,
            "plan": "pro",
            "value": null,
            "option": "all-in-hobby"
        }
    },
    {
        "model": "billing.availableoption",
        "fields": {
            "id": 7,
            "position": 20,
            "plan": "pro",
            "value": null,
            "option": "data-integration-bank"
        }
    },
    {
        "model": "billing.availableoption",
        "fields": {
            "id": 8,
            "position": 30,
            "plan": "pro",
            "value": null,
            "option": "data-integration"
        }
    },
    {
        "model": "billing.availableoption",
        "fields": {
            "id": 9,
            "position": 40,
            "plan": "pro",
            "value": null,
            "option": "real-time-updates"
        }
    },
    {
        "model": "billing.availableoption",
        "fields": {
            "id": 10,
            "position": 50,
            "plan": "pro",
            "value": null,
            "option": "auto-revenue-forecasting"
        }
    },
    {
        "model": "billing.availableoption",
        "fields": {
            "id": 11,
            "position": 60,
            "plan": "pro",
            "value": null,
            "option": "rank-order-companies"
        }
    },
    {
        "model": "billing.availableoption",
        "fields": {
            "id": 12,
            "position": 70,
            "plan": "pro",
            "value": null,
            "option": "google-drive-sync"
        }
    },
    {
        "model": "billing.availableoption",
        "fields": {
            "id": 13,
            "position": 80,
            "plan": "pro",
            "value": null,
            "option": "api-access"
        }
    }
]
