[
  {
    "fields": {
      "status": "default",
      "html": "{{ user|safe }} created {{ target.base.name|safe }} KPI for {% firstof target.startup|safe target.cohort %}"
    },
    "model": "activities.template",
    "pk": "kpi_create"
  },
  {
    "fields": {
      "status": "danger",
      "html": "{{ target.base.name|safe }} KPI is off track"
    },
    "model": "activities.template",
    "pk": "kpi_offtrack"
  },
  {
    "fields": {
      "status": "default",
      "html": "{{ user|safe }} update {{ target.base.name|safe }} KPI"
    },
    "model": "activities.template",
    "pk": "kpi_update"
  },
  {
    "fields": {
      "status": "default",
      "html": "{{ target.base.name|safe }} KPI updated by investor"
    },
    "model": "activities.template",
    "pk": "kpi_investor_update"
  },
  {
    "fields": {
      "status": "default",
      "html": "{{ target|safe }} created"
    },
    "model": "activities.template",
    "pk": "todo_create"
  },
  {
    "fields": {
      "status": "default",
      "html": "{{ target|safe }} completed"
    },
    "model": "activities.template",
    "pk": "todo_complete"
  },
  {
    "fields": {
      "status": "warning",
      "html": "{{ target|safe }} due {% if days %}in {{ days }} days{% else %}today{% endif %}"
    },
    "model": "activities.template",
    "pk": "todo_warn"
  },
  {
    "fields": {
      "status": "danger",
      "html": "{{ target|safe }} was due {{ days }} days ago"
    },
    "model": "activities.template",
    "pk": "todo_expire"
  },
  {
    "fields": {
      "status": "default",
      "html": "{{ target|safe }} uploaded to {% if target.parent %}{{ target.parent|safe }}{% else %}Root folder{% endif %}"
    },
    "model": "activities.template",
    "pk": "doc_create"
  },
  {
    "fields": {
      "status": "default",
      "html": "{{ target|safe }} updated"
    },
    "model": "activities.template",
    "pk": "doc_update"
  },
  {
    "fields": {
      "status": "default",
      "html": "{{ target|safe }} removed from {% if target.parent %}{{ target.parent|safe }}{% else %}Root folder{% endif %}"
    },
    "model": "activities.template",
    "pk": "doc_delete"
  },
  {
    "fields": {
      "status": "default",
      "html": "{{ target|safe }} moved to {% if target.parent %}{{ target.parent|safe }}{% else %}Root folder{% endif %}"
    },
    "model": "activities.template",
    "pk": "doc_move"
  }
]
